"text","favorited","favoriteCount","replyToSN","created","truncated","replyToSID","id","replyToUID","statusSource","screenName","retweetCount","isRetweet","retweeted","longitude","latitude"
"RT @HoundsInPounds: NY/NJ: We need your help! One of the best dogs we have had is getting overlooked.‚ù§Ô∏èüê∂She is medium sized.  Can live happ‚Ä¶",FALSE,0,NA,2021-09-22 13:44:47,FALSE,NA,"1440673432564236291",NA,"<a href=""http://twitter.com/download/android"" rel=""nofollow"">Twitter for Android</a>","YarosisNancy",12,TRUE,FALSE,NA,NA
"RT @HoundsInPounds: NY/NJ: We need your help! One of the best dogs we have had is getting overlooked.‚ù§Ô∏èüê∂She is medium sized.  Can live happ‚Ä¶",FALSE,0,NA,2021-09-22 13:40:52,FALSE,NA,"1440672447485808640",NA,"<a href=""http://twitter.com/download/android"" rel=""nofollow"">Twitter for Android</a>","MoroskyKatie",12,TRUE,FALSE,NA,NA
"RT @mcmuffin786: I don't get why y'all hate big corps like McD and KFC in Pakistan they are probably the handful of businesses that treat t‚Ä¶",FALSE,0,NA,2021-09-22 10:10:03,FALSE,NA,"1440619392417493006",NA,"<a href=""http://twitter.com/download/iphone"" rel=""nofollow"">Twitter for iPhone</a>","DThucydides",2,TRUE,FALSE,NA,NA
"What is the best environment for terrorists to mushroom? In an economically depressed country! By taking away AGOA‚Ä¶ https://t.co/UrigyQ6yeu",FALSE,0,NA,2021-09-22 09:23:42,TRUE,NA,"1440607728498479104",NA,"<a href=""http://twitter.com/download/android"" rel=""nofollow"">Twitter for Android</a>","AbduselamGetah7",0,FALSE,FALSE,NA,NA
"RT @AMKanta_IIHMHyd: The Multi-cultural Environment at IIHM facilitates learning and motivation.

Join one of the best Hotel Management Sch‚Ä¶",FALSE,0,NA,2021-09-22 09:05:06,FALSE,NA,"1440603046728253445",NA,"<a href=""https://hospitalitytrader.com/"" rel=""nofollow"">HospitalityTrader Bot</a>","BizNewsJobs",1,TRUE,FALSE,NA,NA
"The Multi-cultural Environment at IIHM facilitates learning and motivation.

Join one of the best Hotel Management‚Ä¶ https://t.co/sICj5Tfkhk",FALSE,0,NA,2021-09-22 09:02:26,TRUE,NA,"1440602378894381056",NA,"<a href=""https://ifttt.com"" rel=""nofollow"">IFTTT</a>","AMKanta_IIHMHyd",1,FALSE,FALSE,NA,NA
"#RT @IIHMHOTELSCHOOL: The Multi-cultural Environment at IIHM facilitates learning and motivation.

Join one of the‚Ä¶ https://t.co/HUIJ0RrvRw",FALSE,0,NA,2021-09-22 08:49:29,TRUE,NA,"1440599116539564032",NA,"<a href=""https://ifttt.com"" rel=""nofollow"">IFTTT</a>","iihmpavankalyan",0,FALSE,FALSE,NA,NA
"I don't get why y'all hate big corps like McD and KFC in Pakistan they are probably the handful of businesses that‚Ä¶ https://t.co/11DPnUrobs",FALSE,12,NA,2021-09-22 08:46:09,TRUE,NA,"1440598278173708297",NA,"<a href=""http://twitter.com/download/android"" rel=""nofollow"">Twitter for Android</a>","mcmuffin786",2,FALSE,FALSE,NA,NA
"IIHMHOTELSCHOOL: The Multi-cultural Environment at IIHM facilitates learning and motivation.

Join one of the best‚Ä¶ https://t.co/yMyf6RGxOf",FALSE,1,NA,2021-09-22 08:25:48,TRUE,NA,"1440593156186071043",NA,"<a href=""https://ifttt.com"" rel=""nofollow"">IFTTT</a>","IIHMBangalore",0,FALSE,FALSE,NA,NA
"The Multi-cultural Environment at IIHM facilitates learning and motivation.

Join one of the best Hotel Management‚Ä¶ https://t.co/UYiiAJUSaF",FALSE,2,NA,2021-09-22 08:22:48,TRUE,NA,"1440592404189356032",NA,"<a href=""http://twitter.com/download/android"" rel=""nofollow"">Twitter for Android</a>","IIHMHOTELSCHOOL",0,FALSE,FALSE,NA,NA
"RT @mimieyo: What are you actively doing to bring peace in your environment, community and your country.
It‚Äôs best to always operate from a‚Ä¶",FALSE,0,NA,2021-09-22 07:54:10,FALSE,NA,"1440585195850137608",NA,"<a href=""https://mobile.twitter.com"" rel=""nofollow"">Twitter Web App</a>","PChimodo",2,TRUE,FALSE,NA,NA
"@DScullivan Highly doubt it!!  I mean let's get it straight, you're in one of the best towns, on the best state, in‚Ä¶ https://t.co/dcZa3m1ngr",FALSE,0,"DScullivan",2021-09-22 05:06:10,TRUE,"1440540686168641536","1440542920109481993","1433275538131415043","<a href=""http://twitter.com/download/android"" rel=""nofollow"">Twitter for Android</a>","dufflecoatboy",0,FALSE,FALSE,NA,NA
"NZ just can't stop wringing as much look as we can out of the environment to stay in the 1st World Club - we need t‚Ä¶ https://t.co/iOj4K0kCbL",FALSE,0,NA,2021-09-22 02:18:48,TRUE,NA,"1440500801001046023",NA,"<a href=""http://twitter.com/download/android"" rel=""nofollow"">Twitter for Android</a>","kowekaweka",0,FALSE,FALSE,NA,NA
"RT @HoundsInPounds: NY/NJ: We need your help! One of the best dogs we have had is getting overlooked.‚ù§Ô∏èüê∂She is medium sized.  Can live happ‚Ä¶",FALSE,0,NA,2021-09-21 23:46:26,FALSE,NA,"1440462454794776578",NA,"<a href=""http://twitter.com/download/iphone"" rel=""nofollow"">Twitter for iPhone</a>","mefay",12,TRUE,FALSE,NA,NA
"Costa Rica ranked third as the best environment for internet freedom, with strong guarantees for free expression an‚Ä¶ https://t.co/Vm4ZEXX9e2",FALSE,1,"amy_slip",2021-09-21 19:08:23,TRUE,"1440392481355407361","1440392482823442435","2520500479","<a href=""https://mobile.twitter.com"" rel=""nofollow"">Twitter Web App</a>","amy_slip",0,FALSE,FALSE,NA,NA
"RT @mimieyo: What are you actively doing to bring peace in your environment, community and your country.
It‚Äôs best to always operate from a‚Ä¶",FALSE,0,NA,2021-09-21 18:05:42,FALSE,NA,"1440376705596624908",NA,"<a href=""http://twitter.com/download/iphone"" rel=""nofollow"">Twitter for iPhone</a>","RevMacLive",2,TRUE,FALSE,NA,NA
"""I interviewed across the country, but I quickly realized that #UTSW is the best environment for me to train, be su‚Ä¶ https://t.co/9jxUIcfu5g",FALSE,1,"UTSWGradSchool",2021-09-21 17:55:01,TRUE,"1440374015265099779","1440374019060998159","1134572322352979969","<a href=""https://mobile.twitter.com"" rel=""nofollow"">Twitter Web App</a>","UTSWGradSchool",0,FALSE,FALSE,NA,NA
"RT @HoundsInPounds: NY/NJ: We need your help! One of the best dogs we have had is getting overlooked.‚ù§Ô∏èüê∂She is medium sized.  Can live happ‚Ä¶",FALSE,0,NA,2021-09-21 15:36:48,FALSE,NA,"1440339235618234378",NA,"<a href=""http://twitter.com/#!/download/ipad"" rel=""nofollow"">Twitter for iPad</a>","SstaceyMay",12,TRUE,FALSE,NA,NA
"RT @HoundsInPounds: NY/NJ: We need your help! One of the best dogs we have had is getting overlooked.‚ù§Ô∏èüê∂She is medium sized.  Can live happ‚Ä¶",FALSE,0,NA,2021-09-21 14:13:12,FALSE,NA,"1440318195705942027",NA,"<a href=""https://mobile.twitter.com"" rel=""nofollow"">Twitter Web App</a>","dollyllamaX10",12,TRUE,FALSE,NA,NA
"RT @HoundsInPounds: NY/NJ: We need your help! One of the best dogs we have had is getting overlooked.‚ù§Ô∏èüê∂She is medium sized.  Can live happ‚Ä¶",FALSE,0,NA,2021-09-21 14:00:45,FALSE,NA,"1440315062653046793",NA,"<a href=""http://twitter.com/download/android"" rel=""nofollow"">Twitter for Android</a>","MDY_610",12,TRUE,FALSE,NA,NA
"RT @HoundsInPounds: NY/NJ: We need your help! One of the best dogs we have had is getting overlooked.‚ù§Ô∏èüê∂She is medium sized.  Can live happ‚Ä¶",FALSE,0,NA,2021-09-21 13:42:07,FALSE,NA,"1440310373127651336",NA,"<a href=""http://twitter.com/download/android"" rel=""nofollow"">Twitter for Android</a>","judeloe1",12,TRUE,FALSE,NA,NA
"RT @HoundsInPounds: NY/NJ: We need your help! One of the best dogs we have had is getting overlooked.‚ù§Ô∏èüê∂She is medium sized.  Can live happ‚Ä¶",FALSE,0,NA,2021-09-21 13:41:27,FALSE,NA,"1440310206072713219",NA,"<a href=""https://mobile.twitter.com"" rel=""nofollow"">Twitter Web App</a>","OldOlethros",12,TRUE,FALSE,NA,NA
"RT @HoundsInPounds: NY/NJ: We need your help! One of the best dogs we have had is getting overlooked.‚ù§Ô∏èüê∂She is medium sized.  Can live happ‚Ä¶",FALSE,0,NA,2021-09-21 13:37:11,FALSE,NA,"1440309132842524683",NA,"<a href=""http://twitter.com/download/android"" rel=""nofollow"">Twitter for Android</a>","Bernie19795584",12,TRUE,FALSE,NA,NA
"RT @HoundsInPounds: NY/NJ: We need your help! One of the best dogs we have had is getting overlooked.‚ù§Ô∏èüê∂She is medium sized.  Can live happ‚Ä¶",FALSE,0,NA,2021-09-21 13:35:13,FALSE,NA,"1440308638682255371",NA,"<a href=""http://twitter.com/download/iphone"" rel=""nofollow"">Twitter for iPhone</a>","kerrydevoogd",12,TRUE,FALSE,NA,NA
"RT @HoundsInPounds: NY/NJ: We need your help! One of the best dogs we have had is getting overlooked.‚ù§Ô∏èüê∂She is medium sized.  Can live happ‚Ä¶",FALSE,0,NA,2021-09-21 13:30:27,FALSE,NA,"1440307439123845122",NA,"<a href=""http://twitter.com/download/iphone"" rel=""nofollow"">Twitter for iPhone</a>","nnevera",12,TRUE,FALSE,NA,NA
"RT @HoundsInPounds: NY/NJ: We need your help! One of the best dogs we have had is getting overlooked.‚ù§Ô∏èüê∂She is medium sized.  Can live happ‚Ä¶",FALSE,0,NA,2021-09-21 13:25:00,FALSE,NA,"1440306064411410437",NA,"<a href=""http://twitter.com/download/iphone"" rel=""nofollow"">Twitter for iPhone</a>","One123Sly",12,TRUE,FALSE,NA,NA
"NY/NJ: We need your help! One of the best dogs we have had is getting overlooked.‚ù§Ô∏èüê∂She is medium sized.  Can live‚Ä¶ https://t.co/xv1foYcMR3",FALSE,15,NA,2021-09-21 13:23:45,TRUE,NA,"1440305751075917831",NA,"<a href=""http://twitter.com/download/iphone"" rel=""nofollow"">Twitter for iPhone</a>","HoundsInPounds",12,FALSE,FALSE,NA,NA
"@KMutisi @usembassyharare @euinzim Yes Chinese have a large foot print in our country by invitation from Leadership‚Ä¶ https://t.co/DnGxUGN8E1",FALSE,0,"KMutisi",2021-09-21 13:19:25,TRUE,"1440257921619689479","1440304659457921029","2426742387","<a href=""http://twitter.com/download/iphone"" rel=""nofollow"">Twitter for iPhone</a>","zvikato",0,FALSE,FALSE,NA,NA
"@JohnCornyn @PunchbowlNews Or they exist in a completely partisan environment where the other party won‚Äôt get invol‚Ä¶ https://t.co/Ulv5taksIi",FALSE,0,"JohnCornyn",2021-09-21 12:48:32,TRUE,"1440258595984076801","1440296890197626894","13218102","<a href=""http://twitter.com/download/iphone"" rel=""nofollow"">Twitter for iPhone</a>","superboring1234",0,FALSE,FALSE,NA,NA
"What are you actively doing to bring peace in your environment, community and your country.
It‚Äôs best to always ope‚Ä¶ https://t.co/uHYUVP2FZI",FALSE,1,NA,2021-09-21 09:31:25,TRUE,NA,"1440247282700414976",NA,"<a href=""http://twitter.com/download/iphone"" rel=""nofollow"">Twitter for iPhone</a>","mimieyo",2,FALSE,FALSE,NA,NA
"@ImranKhanPTI While you are creating best environment for intellectual pursuits in your country, your proxy group (‚Ä¶ https://t.co/Yq2uzBuVx0",FALSE,0,"ImranKhanPTI",2021-09-21 06:53:09,TRUE,"1440010823733235714","1440207452696309765","122453931","<a href=""http://twitter.com/download/iphone"" rel=""nofollow"">Twitter for iPhone</a>","afghansalah1",0,FALSE,FALSE,NA,NA
"@SenJackyRosen Don‚Äôt worry. They‚Äôll just lock everyone down and not let them outside. All they want is full governm‚Ä¶ https://t.co/ZhHVo2yRUn",FALSE,1,"SenJackyRosen",2021-09-20 23:16:37,TRUE,"1440050632363237377","1440092564414087170","818554054309715969","<a href=""http://twitter.com/download/iphone"" rel=""nofollow"">Twitter for iPhone</a>","BrianGrudzinski",0,FALSE,FALSE,NA,NA
"This is part of 3rd generation human rights. It should be there with the right to live in a healthy environment (en‚Ä¶ https://t.co/tbWunznLq0",FALSE,1,"GlobalShapersGC",2021-09-20 19:12:55,TRUE,"1440026153184481285","1440031235330301952","2320504849","<a href=""http://twitter.com/download/android"" rel=""nofollow"">Twitter for Android</a>","GlobalShapersGC",0,FALSE,FALSE,NA,NA
"RT @AcademyWFC: Home of The Waterford FC Academy |

Lucky to have one of the best facilities in the country as the home of Waterford FC Aca‚Ä¶",FALSE,0,NA,2021-09-20 18:07:03,FALSE,NA,"1440014659910766599",NA,"<a href=""http://twitter.com/download/iphone"" rel=""nofollow"">Twitter for iPhone</a>","ArenaWit",2,TRUE,FALSE,NA,NA
"RT @AcademyWFC: Home of The Waterford FC Academy |

Lucky to have one of the best facilities in the country as the home of Waterford FC Aca‚Ä¶",FALSE,0,NA,2021-09-20 17:45:18,FALSE,NA,"1440009184859279360",NA,"<a href=""http://twitter.com/download/iphone"" rel=""nofollow"">Twitter for iPhone</a>","SeanieGeoghegan",2,TRUE,FALSE,NA,NA
"Home of The Waterford FC Academy |

Lucky to have one of the best facilities in the country as the home of Waterfor‚Ä¶ https://t.co/zPBa34z9kQ",FALSE,14,NA,2021-09-20 17:12:47,TRUE,NA,"1440001000476184578",NA,"<a href=""https://mobile.twitter.com"" rel=""nofollow"">Twitter Web App</a>","AcademyWFC",2,FALSE,FALSE,NA,NA
"@abrahamalimd Thank you very much Dr. Ali, I will do my best to help the community of cancer patients in the countr‚Ä¶ https://t.co/3cYNgdQ5gJ",FALSE,2,"abrahamalimd",2021-09-20 14:55:28,TRUE,"1439960994156007428","1439966446579240966","191692162","<a href=""https://mobile.twitter.com"" rel=""nofollow"">Twitter Web App</a>","AndresFCardonaZ",0,FALSE,FALSE,NA,NA
"RT @Zachattacks_: @KeiserDonavon The swamp was electric ‚ÄºÔ∏è recruits take notes üìù best environment in the country üêä‚ÄºÔ∏èüî•",FALSE,0,NA,2021-09-20 02:58:52,FALSE,NA,"1439786107537924098",NA,"<a href=""https://mobile.twitter.com"" rel=""nofollow"">Twitter Web App</a>","Commando074",34,TRUE,FALSE,NA,NA
"@Kristennetten I think (maybe naively) most politicians start w/best of intentions but quickly realize what is requ‚Ä¶ https://t.co/DbdJFD2JAN",FALSE,1,"Kristennetten",2021-09-20 01:24:52,TRUE,"1439756645182029827","1439762452728762371","985686123123949568","<a href=""http://twitter.com/download/iphone"" rel=""nofollow"">Twitter for iPhone</a>","TechAficionado7",0,FALSE,FALSE,NA,NA
"RT @Zachattacks_: @KeiserDonavon The swamp was electric ‚ÄºÔ∏è recruits take notes üìù best environment in the country üêä‚ÄºÔ∏èüî•",FALSE,0,NA,2021-09-19 22:53:49,FALSE,NA,"1439724436345794560",NA,"<a href=""http://twitter.com/download/iphone"" rel=""nofollow"">Twitter for iPhone</a>","ThePettyGator",34,TRUE,FALSE,NA,NA
"@AOC U should be sued for making statements that are not based on fact. Twitter should ban you. U do know that rega‚Ä¶ https://t.co/I6nm3X67I9",FALSE,0,"AOC",2021-09-19 22:35:09,TRUE,"1433524952083410949","1439719741552275456","138203134","<a href=""https://mobile.twitter.com"" rel=""nofollow"">Twitter Web App</a>","RogalaHill",0,FALSE,FALSE,NA,NA
"RT @Zachattacks_: @KeiserDonavon The swamp was electric ‚ÄºÔ∏è recruits take notes üìù best environment in the country üêä‚ÄºÔ∏èüî•",FALSE,0,NA,2021-09-19 19:21:50,FALSE,NA,"1439671090297573378",NA,"<a href=""http://twitter.com/download/iphone"" rel=""nofollow"">Twitter for iPhone</a>","AirFlawdaJordan",34,TRUE,FALSE,NA,NA
"RT @Zachattacks_: @KeiserDonavon The swamp was electric ‚ÄºÔ∏è recruits take notes üìù best environment in the country üêä‚ÄºÔ∏èüî•",FALSE,0,NA,2021-09-19 15:53:11,FALSE,NA,"1439618583949201416",NA,"<a href=""http://twitter.com/download/iphone"" rel=""nofollow"">Twitter for iPhone</a>","ColeFulton247",34,TRUE,FALSE,NA,NA
"RT @Zachattacks_: @KeiserDonavon The swamp was electric ‚ÄºÔ∏è recruits take notes üìù best environment in the country üêä‚ÄºÔ∏èüî•",FALSE,0,NA,2021-09-19 15:01:40,FALSE,NA,"1439605617270927369",NA,"<a href=""http://twitter.com/download/iphone"" rel=""nofollow"">Twitter for iPhone</a>","Trey_Oh5",34,TRUE,FALSE,NA,NA
"RT @Zachattacks_: @KeiserDonavon The swamp was electric ‚ÄºÔ∏è recruits take notes üìù best environment in the country üêä‚ÄºÔ∏èüî•",FALSE,0,NA,2021-09-19 15:00:44,FALSE,NA,"1439605383669161988",NA,"<a href=""http://twitter.com/download/iphone"" rel=""nofollow"">Twitter for iPhone</a>","Skyline_Gator",34,TRUE,FALSE,NA,NA
"RT @Zachattacks_: @KeiserDonavon The swamp was electric ‚ÄºÔ∏è recruits take notes üìù best environment in the country üêä‚ÄºÔ∏èüî•",FALSE,0,NA,2021-09-19 14:37:30,FALSE,NA,"1439599534062116868",NA,"<a href=""http://twitter.com/download/iphone"" rel=""nofollow"">Twitter for iPhone</a>","KatmaiKeith",34,TRUE,FALSE,NA,NA
"RT @Zachattacks_: @KeiserDonavon The swamp was electric ‚ÄºÔ∏è recruits take notes üìù best environment in the country üêä‚ÄºÔ∏èüî•",FALSE,0,NA,2021-09-19 13:19:24,FALSE,NA,"1439579881856290819",NA,"<a href=""http://twitter.com/download/iphone"" rel=""nofollow"">Twitter for iPhone</a>","fidias_c",34,TRUE,FALSE,NA,NA
"RT @Zachattacks_: @KeiserDonavon The swamp was electric ‚ÄºÔ∏è recruits take notes üìù best environment in the country üêä‚ÄºÔ∏èüî•",FALSE,0,NA,2021-09-19 13:14:15,FALSE,NA,"1439578583702331397",NA,"<a href=""http://twitter.com/download/iphone"" rel=""nofollow"">Twitter for iPhone</a>","kyleslee17",34,TRUE,FALSE,NA,NA
"RT @Zachattacks_: @KeiserDonavon The swamp was electric ‚ÄºÔ∏è recruits take notes üìù best environment in the country üêä‚ÄºÔ∏èüî•",FALSE,0,NA,2021-09-19 13:07:40,FALSE,NA,"1439576929795969028",NA,"<a href=""http://twitter.com/download/iphone"" rel=""nofollow"">Twitter for iPhone</a>","blakejacoby",34,TRUE,FALSE,NA,NA
"RT @Zachattacks_: @KeiserDonavon The swamp was electric ‚ÄºÔ∏è recruits take notes üìù best environment in the country üêä‚ÄºÔ∏èüî•",FALSE,0,NA,2021-09-19 13:03:16,FALSE,NA,"1439575822097072129",NA,"<a href=""http://twitter.com/download/iphone"" rel=""nofollow"">Twitter for iPhone</a>","EpikPadrino",34,TRUE,FALSE,NA,NA
"RT @Zachattacks_: @KeiserDonavon The swamp was electric ‚ÄºÔ∏è recruits take notes üìù best environment in the country üêä‚ÄºÔ∏èüî•",FALSE,0,NA,2021-09-19 12:47:49,FALSE,NA,"1439571931280314370",NA,"<a href=""http://twitter.com/download/iphone"" rel=""nofollow"">Twitter for iPhone</a>","GatorCollective",34,TRUE,FALSE,NA,NA
"RT @GoCamelsWrestle: This is THE best wrestle off environment in the country.

We can't wait to have all of our friends, family, and fans b‚Ä¶",FALSE,0,NA,2021-09-19 11:04:08,FALSE,NA,"1439545842340352006",NA,"<a href=""http://twitter.com/download/android"" rel=""nofollow"">Twitter for Android</a>","santos11112",4,TRUE,FALSE,NA,NA
"RT @Zachattacks_: @KeiserDonavon The swamp was electric ‚ÄºÔ∏è recruits take notes üìù best environment in the country üêä‚ÄºÔ∏èüî•",FALSE,0,NA,2021-09-19 10:42:32,FALSE,NA,"1439540405054459906",NA,"<a href=""http://twitter.com/download/iphone"" rel=""nofollow"">Twitter for iPhone</a>","Swamp_Music2",34,TRUE,FALSE,NA,NA
"RT @NibblerRat: Top tip for staying sane in the current environment:
1. a) Remember that you are being lied to every day by the people that‚Ä¶",FALSE,0,NA,2021-09-19 10:34:43,FALSE,NA,"1439538438605320193",NA,"<a href=""http://twitter.com/download/android"" rel=""nofollow"">Twitter for Android</a>","HouseofBomeor",15,TRUE,FALSE,NA,NA
"RT @NibblerRat: Top tip for staying sane in the current environment:
1. a) Remember that you are being lied to every day by the people that‚Ä¶",FALSE,0,NA,2021-09-19 10:24:49,FALSE,NA,"1439535946022723586",NA,"<a href=""http://twitter.com/download/android"" rel=""nofollow"">Twitter for Android</a>","IanSpindley",15,TRUE,FALSE,NA,NA
"RT @Zachattacks_: @KeiserDonavon The swamp was electric ‚ÄºÔ∏è recruits take notes üìù best environment in the country üêä‚ÄºÔ∏èüî•",FALSE,0,NA,2021-09-19 10:11:31,FALSE,NA,"1439532599987298307",NA,"<a href=""http://twitter.com/download/iphone"" rel=""nofollow"">Twitter for iPhone</a>","rambo4Him",34,TRUE,FALSE,NA,NA
"RT @Zachattacks_: @KeiserDonavon The swamp was electric ‚ÄºÔ∏è recruits take notes üìù best environment in the country üêä‚ÄºÔ∏èüî•",FALSE,0,NA,2021-09-19 08:09:02,FALSE,NA,"1439501774361088002",NA,"<a href=""http://twitter.com/download/iphone"" rel=""nofollow"">Twitter for iPhone</a>","JordanbLee1389",34,TRUE,FALSE,NA,NA
"RT @Zachattacks_: @KeiserDonavon The swamp was electric ‚ÄºÔ∏è recruits take notes üìù best environment in the country üêä‚ÄºÔ∏èüî•",FALSE,0,NA,2021-09-19 06:47:08,FALSE,NA,"1439481163014410243",NA,"<a href=""https://mobile.twitter.com"" rel=""nofollow"">Twitter Web App</a>","a11_wes",34,TRUE,FALSE,NA,NA
"RT @NibblerRat: Top tip for staying sane in the current environment:
1. a) Remember that you are being lied to every day by the people that‚Ä¶",FALSE,0,NA,2021-09-19 06:44:34,FALSE,NA,"1439480516416352259",NA,"<a href=""http://twitter.com/download/android"" rel=""nofollow"">Twitter for Android</a>","Alan_pragmatic",15,TRUE,FALSE,NA,NA
"RT @Zachattacks_: @KeiserDonavon The swamp was electric ‚ÄºÔ∏è recruits take notes üìù best environment in the country üêä‚ÄºÔ∏èüî•",FALSE,0,NA,2021-09-19 05:16:45,FALSE,NA,"1439458419560235012",NA,"<a href=""https://mobile.twitter.com"" rel=""nofollow"">Twitter Web App</a>","joekhan8",34,TRUE,FALSE,NA,NA
"RT @Zachattacks_: @KeiserDonavon The swamp was electric ‚ÄºÔ∏è recruits take notes üìù best environment in the country üêä‚ÄºÔ∏èüî•",FALSE,0,NA,2021-09-19 05:15:35,FALSE,NA,"1439458123010478080",NA,"<a href=""https://mobile.twitter.com"" rel=""nofollow"">Twitter Web App</a>","Jason_Higdon",34,TRUE,FALSE,NA,NA
"RT @Zachattacks_: @KeiserDonavon The swamp was electric ‚ÄºÔ∏è recruits take notes üìù best environment in the country üêä‚ÄºÔ∏èüî•",FALSE,0,NA,2021-09-19 05:13:38,FALSE,NA,"1439457634055303168",NA,"<a href=""http://twitter.com/download/iphone"" rel=""nofollow"">Twitter for iPhone</a>","_kbolden",34,TRUE,FALSE,NA,NA
"RT @Zachattacks_: @KeiserDonavon The swamp was electric ‚ÄºÔ∏è recruits take notes üìù best environment in the country üêä‚ÄºÔ∏èüî•",FALSE,0,NA,2021-09-19 05:00:54,FALSE,NA,"1439454431058305024",NA,"<a href=""http://twitter.com/download/android"" rel=""nofollow"">Twitter for Android</a>","ChicPicasso",34,TRUE,FALSE,NA,NA
"RT @Zachattacks_: @KeiserDonavon The swamp was electric ‚ÄºÔ∏è recruits take notes üìù best environment in the country üêä‚ÄºÔ∏èüî•",FALSE,0,NA,2021-09-19 04:13:14,FALSE,NA,"1439442433285185536",NA,"<a href=""http://twitter.com/download/iphone"" rel=""nofollow"">Twitter for iPhone</a>","calebharrison00",34,TRUE,FALSE,NA,NA
"RT @Zachattacks_: @KeiserDonavon The swamp was electric ‚ÄºÔ∏è recruits take notes üìù best environment in the country üêä‚ÄºÔ∏èüî•",FALSE,0,NA,2021-09-19 04:12:56,FALSE,NA,"1439442358039371776",NA,"<a href=""https://mobile.twitter.com"" rel=""nofollow"">Twitter Web App</a>","Moishdog13",34,TRUE,FALSE,NA,NA
"RT @Zachattacks_: @KeiserDonavon The swamp was electric ‚ÄºÔ∏è recruits take notes üìù best environment in the country üêä‚ÄºÔ∏èüî•",FALSE,0,NA,2021-09-19 04:11:16,FALSE,NA,"1439441937719865347",NA,"<a href=""http://twitter.com/download/iphone"" rel=""nofollow"">Twitter for iPhone</a>","HowellGator",34,TRUE,FALSE,NA,NA
"RT @Zachattacks_: @KeiserDonavon The swamp was electric ‚ÄºÔ∏è recruits take notes üìù best environment in the country üêä‚ÄºÔ∏èüî•",FALSE,0,NA,2021-09-19 04:08:14,FALSE,NA,"1439441175329509378",NA,"<a href=""http://twitter.com/download/android"" rel=""nofollow"">Twitter for Android</a>","southlyfe_gold",34,TRUE,FALSE,NA,NA
"RT @Zachattacks_: @KeiserDonavon The swamp was electric ‚ÄºÔ∏è recruits take notes üìù best environment in the country üêä‚ÄºÔ∏èüî•",FALSE,0,NA,2021-09-19 04:06:24,FALSE,NA,"1439440712936960001",NA,"<a href=""http://twitter.com/download/iphone"" rel=""nofollow"">Twitter for iPhone</a>","flfootball2017",34,TRUE,FALSE,NA,NA
"RT @Zachattacks_: @KeiserDonavon The swamp was electric ‚ÄºÔ∏è recruits take notes üìù best environment in the country üêä‚ÄºÔ∏èüî•",FALSE,0,NA,2021-09-19 04:06:15,FALSE,NA,"1439440674722619393",NA,"<a href=""http://twitter.com/download/iphone"" rel=""nofollow"">Twitter for iPhone</a>","NickStow15",34,TRUE,FALSE,NA,NA
"RT @Zachattacks_: @KeiserDonavon The swamp was electric ‚ÄºÔ∏è recruits take notes üìù best environment in the country üêä‚ÄºÔ∏èüî•",FALSE,0,NA,2021-09-19 04:05:17,FALSE,NA,"1439440433587933184",NA,"<a href=""http://twitter.com/download/iphone"" rel=""nofollow"">Twitter for iPhone</a>","GatorsDominate",34,TRUE,FALSE,NA,NA
"RT @Zachattacks_: @KeiserDonavon The swamp was electric ‚ÄºÔ∏è recruits take notes üìù best environment in the country üêä‚ÄºÔ∏èüî•",FALSE,0,NA,2021-09-19 04:02:38,FALSE,NA,"1439439766236372993",NA,"<a href=""http://twitter.com/download/android"" rel=""nofollow"">Twitter for Android</a>","MullenTheGoat",34,TRUE,FALSE,NA,NA
"RT @Zachattacks_: @KeiserDonavon The swamp was electric ‚ÄºÔ∏è recruits take notes üìù best environment in the country üêä‚ÄºÔ∏èüî•",FALSE,0,NA,2021-09-19 03:58:39,FALSE,NA,"1439438762908569602",NA,"<a href=""http://twitter.com/download/iphone"" rel=""nofollow"">Twitter for iPhone</a>","KiddPOET12",34,TRUE,FALSE,NA,NA
"RT @Zachattacks_: @KeiserDonavon The swamp was electric ‚ÄºÔ∏è recruits take notes üìù best environment in the country üêä‚ÄºÔ∏èüî•",FALSE,0,NA,2021-09-19 03:58:02,FALSE,NA,"1439438608725942272",NA,"<a href=""http://twitter.com/download/android"" rel=""nofollow"">Twitter for Android</a>","MarleyTwan",34,TRUE,FALSE,NA,NA
"RT @Zachattacks_: @KeiserDonavon The swamp was electric ‚ÄºÔ∏è recruits take notes üìù best environment in the country üêä‚ÄºÔ∏èüî•",FALSE,0,NA,2021-09-19 03:56:29,FALSE,NA,"1439438220622696448",NA,"<a href=""http://twitter.com/download/android"" rel=""nofollow"">Twitter for Android</a>","Gator_Chris15",34,TRUE,FALSE,NA,NA
"RT @Zachattacks_: @KeiserDonavon The swamp was electric ‚ÄºÔ∏è recruits take notes üìù best environment in the country üêä‚ÄºÔ∏èüî•",FALSE,0,NA,2021-09-19 03:56:03,FALSE,NA,"1439438110740320260",NA,"<a href=""http://twitter.com/download/iphone"" rel=""nofollow"">Twitter for iPhone</a>","KeiserDonavon",34,TRUE,FALSE,NA,NA
"RT @Zachattacks_: @KeiserDonavon The swamp was electric ‚ÄºÔ∏è recruits take notes üìù best environment in the country üêä‚ÄºÔ∏èüî•",FALSE,0,NA,2021-09-19 03:49:11,FALSE,NA,"1439436381269467145",NA,"<a href=""http://twitter.com/download/android"" rel=""nofollow"">Twitter for Android</a>","badbird2019",34,TRUE,FALSE,NA,NA
"@KeiserDonavon The swamp was electric ‚ÄºÔ∏è recruits take notes üìù best environment in the country üêä‚ÄºÔ∏èüî•",FALSE,323,"KeiserDonavon",2021-09-19 03:48:26,FALSE,"1439434281894428681","1439436191955357705","2815774291","<a href=""http://twitter.com/download/iphone"" rel=""nofollow"">Twitter for iPhone</a>","Zachattacks_",34,FALSE,FALSE,NA,NA
"RT @NibblerRat: Top tip for staying sane in the current environment:
1. a) Remember that you are being lied to every day by the people that‚Ä¶",FALSE,0,NA,2021-09-19 00:04:39,FALSE,NA,"1439379875572461570",NA,"<a href=""http://twitter.com/download/android"" rel=""nofollow"">Twitter for Android</a>","honeybuns_49",15,TRUE,FALSE,NA,NA
"RT @NibblerRat: Top tip for staying sane in the current environment:
1. a) Remember that you are being lied to every day by the people that‚Ä¶",FALSE,0,NA,2021-09-19 00:02:13,FALSE,NA,"1439379261979340801",NA,"<a href=""https://mobile.twitter.com"" rel=""nofollow"">Twitter Web App</a>","iamnothelch",15,TRUE,FALSE,NA,NA
"Nighttime whiteout - the best CFB home environment in the country - against a ranked SEC foe. I'm equally parts exc‚Ä¶ https://t.co/E73vlRtY90",FALSE,1,NA,2021-09-18 23:35:27,TRUE,NA,"1439372526744973319",NA,"<a href=""https://mobile.twitter.com"" rel=""nofollow"">Twitter Web App</a>","Rhapsodyinbrown",0,FALSE,FALSE,NA,NA
"RT @NibblerRat: Top tip for staying sane in the current environment:
1. a) Remember that you are being lied to every day by the people that‚Ä¶",FALSE,0,NA,2021-09-18 22:06:18,FALSE,NA,"1439350091924623362",NA,"<a href=""http://twitter.com/#!/download/ipad"" rel=""nofollow"">Twitter for iPad</a>","Zebraskindiva45",15,TRUE,FALSE,NA,NA
"RT @NibblerRat: Top tip for staying sane in the current environment:
1. a) Remember that you are being lied to every day by the people that‚Ä¶",FALSE,0,NA,2021-09-18 21:29:10,FALSE,NA,"1439340747711451145",NA,"<a href=""http://twitter.com/#!/download/ipad"" rel=""nofollow"">Twitter for iPad</a>","DianeFirestoker",15,TRUE,FALSE,NA,NA
"Nahhhh they‚Äôll come to an actual hostile environment at Kyle Field and lose a close one. Aggies have the best defen‚Ä¶ https://t.co/T0WJ5Da8il",FALSE,1,NA,2021-09-18 21:13:35,TRUE,NA,"1439336825135325186",NA,"<a href=""http://twitter.com/download/iphone"" rel=""nofollow"">Twitter for iPhone</a>","KrookediSpencer",0,FALSE,FALSE,NA,NA
"RT @NibblerRat: Top tip for staying sane in the current environment:
1. a) Remember that you are being lied to every day by the people that‚Ä¶",FALSE,0,NA,2021-09-18 20:52:18,FALSE,NA,"1439331468967297033",NA,"<a href=""http://twitter.com/download/android"" rel=""nofollow"">Twitter for Android</a>","spanishCoPe",15,TRUE,FALSE,NA,NA
"RT @NibblerRat: Top tip for staying sane in the current environment:
1. a) Remember that you are being lied to every day by the people that‚Ä¶",FALSE,0,NA,2021-09-18 20:50:12,FALSE,NA,"1439330939549724674",NA,"<a href=""http://twitter.com/download/android"" rel=""nofollow"">Twitter for Android</a>","pancakeson",15,TRUE,FALSE,NA,NA
"RT @NibblerRat: Top tip for staying sane in the current environment:
1. a) Remember that you are being lied to every day by the people that‚Ä¶",FALSE,0,NA,2021-09-18 20:35:07,FALSE,NA,"1439327146665783305",NA,"<a href=""http://twitter.com/download/android"" rel=""nofollow"">Twitter for Android</a>","RicJoshe",15,TRUE,FALSE,NA,NA
"RT @NibblerRat: Top tip for staying sane in the current environment:
1. a) Remember that you are being lied to every day by the people that‚Ä¶",FALSE,0,NA,2021-09-18 20:07:21,FALSE,NA,"1439320158720471045",NA,"<a href=""http://twitter.com/download/android"" rel=""nofollow"">Twitter for Android</a>","jordansforge",15,TRUE,FALSE,NA,NA
"RT @NibblerRat: Top tip for staying sane in the current environment:
1. a) Remember that you are being lied to every day by the people that‚Ä¶",FALSE,0,NA,2021-09-18 19:53:29,FALSE,NA,"1439316669034270725",NA,"<a href=""https://mobile.twitter.com"" rel=""nofollow"">Twitter Web App</a>","AnnieTHunt",15,TRUE,FALSE,NA,NA
"RT @NibblerRat: Top tip for staying sane in the current environment:
1. a) Remember that you are being lied to every day by the people that‚Ä¶",FALSE,0,NA,2021-09-18 19:39:25,FALSE,NA,"1439313127452155907",NA,"<a href=""http://twitter.com/download/android"" rel=""nofollow"">Twitter for Android</a>","keitha1964",15,TRUE,FALSE,NA,NA
"RT @NibblerRat: Top tip for staying sane in the current environment:
1. a) Remember that you are being lied to every day by the people that‚Ä¶",FALSE,0,NA,2021-09-18 19:38:53,FALSE,NA,"1439312994735906817",NA,"<a href=""https://mobile.twitter.com"" rel=""nofollow"">Twitter Web App</a>","Julia66King",15,TRUE,FALSE,NA,NA
"RT @NibblerRat: Top tip for staying sane in the current environment:
1. a) Remember that you are being lied to every day by the people that‚Ä¶",FALSE,0,NA,2021-09-18 19:38:52,FALSE,NA,"1439312991246245891",NA,"<a href=""http://tapbots.com/tweetbot"" rel=""nofollow"">Tweetbot for iŒüS</a>","VonHitchofen",15,TRUE,FALSE,NA,NA
"Top tip for staying sane in the current environment:
1. a) Remember that you are being lied to every day by the peo‚Ä¶ https://t.co/ezSGFceR2n",FALSE,59,NA,2021-09-18 19:37:59,TRUE,NA,"1439312766305722370",NA,"<a href=""https://mobile.twitter.com"" rel=""nofollow"">Twitter Web App</a>","NibblerRat",15,FALSE,FALSE,NA,NA
"RT @GoCamelsWrestle: This is THE best wrestle off environment in the country.

We can't wait to have all of our friends, family, and fans b‚Ä¶",FALSE,0,NA,2021-09-18 18:05:30,FALSE,NA,"1439289493647921163",NA,"<a href=""http://twitter.com/download/android"" rel=""nofollow"">Twitter for Android</a>","CharlesClark31",4,TRUE,FALSE,NA,NA
"@FAANews @SpaceX It‚Äôs probably best to allow Elon working on his work and his long goals to Mars.. I don‚Äôt have a d‚Ä¶ https://t.co/fYhFcFzsbL",FALSE,0,"FAANews",2021-09-18 15:24:46,TRUE,"1438920858433638408","1439249042337243142","160946337","<a href=""http://twitter.com/download/iphone"" rel=""nofollow"">Twitter for iPhone</a>","darasin14",0,FALSE,FALSE,NA,NA
"RT @GoCamelsWrestle: This is THE best wrestle off environment in the country.

We can't wait to have all of our friends, family, and fans b‚Ä¶",FALSE,0,NA,2021-09-18 14:44:01,FALSE,NA,"1439238788862066688",NA,"<a href=""http://twitter.com/#!/download/ipad"" rel=""nofollow"">Twitter for iPad</a>","jrchristianpsyd",4,TRUE,FALSE,NA,NA
"@HHichilema In his native country, the late, is the Alfred Nobel Museum. Among the best ways to honor his memory, a‚Ä¶ https://t.co/zRNPRwD4Sv",FALSE,2,"HHichilema",2021-09-18 13:40:40,TRUE,"1439211869202526215","1439222843699601410","870019464","<a href=""http://twitter.com/download/android"" rel=""nofollow"">Twitter for Android</a>","FNjekwa",0,FALSE,FALSE,NA,NA
"RT @GoCamelsWrestle: This is THE best wrestle off environment in the country.

We can't wait to have all of our friends, family, and fans b‚Ä¶",FALSE,0,NA,2021-09-18 13:19:06,FALSE,NA,"1439217417343885319",NA,"<a href=""http://twitter.com/download/iphone"" rel=""nofollow"">Twitter for iPhone</a>","FullyCaffeinat2",4,TRUE,FALSE,NA,NA
"This is THE best wrestle off environment in the country.

We can't wait to have all of our friends, family, and fan‚Ä¶ https://t.co/NOAwTHdVuv",FALSE,21,NA,2021-09-18 13:00:01,TRUE,NA,"1439212615431983117",NA,"<a href=""https://about.twitter.com/products/tweetdeck"" rel=""nofollow"">TweetDeck</a>","GoCamelsWrestle",4,FALSE,FALSE,NA,NA
"So Marxist and pick the best environment for the country. Mean annual temperatures not exceeding",FALSE,0,NA,2021-09-18 00:58:08,FALSE,NA,"1439030945726676993",NA,"<a href=""https://mobile.twitter.com"" rel=""nofollow"">Twitter Web App</a>","menahesham11",0,FALSE,FALSE,NA,NA
"Paignton Zoo, could be best in country with its environment park ethos. Lake Titicaca Frogs today's highlight. As a‚Ä¶ https://t.co/1ZNOTvQOsw",FALSE,5,NA,2021-09-17 21:02:36,TRUE,NA,"1438971674351869959",NA,"<a href=""https://mobile.twitter.com"" rel=""nofollow"">Twitter Web App</a>","TommyDBone",0,FALSE,FALSE,NA,NA
"My best friend found it really funny and later asked me for links to it (he isn't homophobic just a product of a to‚Ä¶ https://t.co/R2LCPgUxAZ",FALSE,1,"SlonVepar",2021-09-17 19:58:46,TRUE,"1438955606145179649","1438955607797735424","1254159679862816769","<a href=""http://twitter.com/download/android"" rel=""nofollow"">Twitter for Android</a>","SlonVepar",0,FALSE,FALSE,NA,NA
"@greggwatson90 Do you not think it's best to vote for what you believe the best policies to be?.... Considering tha‚Ä¶ https://t.co/N10bbwyaMJ",FALSE,0,"greggwatson90",2021-09-17 16:31:34,TRUE,"1438809844371402759","1438903467490385920","2973229971","<a href=""http://twitter.com/download/android"" rel=""nofollow"">Twitter for Android</a>","Pepatoa1",0,FALSE,FALSE,NA,NA
"@RepAGonzalez, 37, a father of 2 children, said in a statement that the ‚Äúbest path‚Äù for him and his family is to ‚Äún‚Ä¶ https://t.co/9lmGa5uBWu",FALSE,0,"RepAGonzalez",2021-09-17 15:10:08,TRUE,NA,"1438882973609340931","1054381765224210432","<a href=""https://buffer.com"" rel=""nofollow"">Buffer</a>","EpochTimes",0,FALSE,FALSE,NA,NA
"That's best Talibani way Pakistan can welcome guests. 
""Guests come but run away with Fear""
God knows, if any other‚Ä¶ https://t.co/GhfXHDJTOt",FALSE,0,NA,2021-09-17 13:40:40,TRUE,NA,"1438860457368981506",NA,"<a href=""http://twitter.com/download/android"" rel=""nofollow"">Twitter for Android</a>","SanataniYoddha",0,FALSE,FALSE,NA,NA
"This is a very classy statement. It‚Äôs a real shame it became necessary in large part because of the toxic political‚Ä¶ https://t.co/iRkkwezzWa",FALSE,0,NA,2021-09-17 11:40:51,TRUE,NA,"1438830306874859531",NA,"<a href=""http://twitter.com/download/iphone"" rel=""nofollow"">Twitter for iPhone</a>","greg_otto",0,FALSE,FALSE,NA,NA
"Good move my New Zealand Prime Minister! 
One should not play cricket in any country until and unless it's fully se‚Ä¶ https://t.co/q49aTGvbJn",FALSE,2,NA,2021-09-17 10:41:15,TRUE,NA,"1438815305224974336",NA,"<a href=""http://twitter.com/download/android"" rel=""nofollow"">Twitter for Android</a>","Best_captain_",0,FALSE,FALSE,NA,NA
"RT @drcwhos: @Barbara81822901 @jellybean1934 We are living in the best country with the longest indigenous history Our people are caring an‚Ä¶",FALSE,0,NA,2021-09-17 07:58:58,FALSE,NA,"1438774466486554633",NA,"<a href=""http://twitter.com/download/iphone"" rel=""nofollow"">Twitter for iPhone</a>","tarapussycat",1,TRUE,FALSE,NA,NA
"@Barbara81822901 @jellybean1934 We are living in the best country with the longest indigenous history Our people ar‚Ä¶ https://t.co/NorqsUOq30",FALSE,4,"Barbara81822901",2021-09-17 05:15:26,TRUE,"1438454364822065156","1438733312319655939","1428165530607788032","<a href=""http://twitter.com/download/android"" rel=""nofollow"">Twitter for Android</a>","drcwhos",1,FALSE,FALSE,NA,NA
"@MichaelACushing @mmofcan @RaymondGagne10 The best we've ever seen in Canada? 

I think it was the best govt for so‚Ä¶ https://t.co/rZ3w3VpVcj",FALSE,1,"MichaelACushing",2021-09-17 03:00:42,TRUE,"1438577879672033286","1438699403754176514","1356320875952427008","<a href=""https://mobile.twitter.com"" rel=""nofollow"">Twitter Web App</a>","KisBrink",0,FALSE,FALSE,NA,NA
"RT @sioux4evrr: @lukelivingood Yea, this is killing our country.  Pols are supposed to ensure Americans have an opportunity at a better  li‚Ä¶",FALSE,0,NA,2021-09-16 20:20:17,FALSE,NA,"1438598638079381511",NA,"<a href=""http://twitter.com/download/iphone"" rel=""nofollow"">Twitter for iPhone</a>","Countryheartgal",1,TRUE,FALSE,NA,NA
"RT @KazRockchick: What's in it 4 her?
Australia - the calibre of this women &amp; effect of her actions WILL resonate unfortunately for years 2‚Ä¶",FALSE,0,NA,2021-09-16 14:24:22,FALSE,NA,"1438509067731832837",NA,"<a href=""http://twitter.com/download/iphone"" rel=""nofollow"">Twitter for iPhone</a>","masondc886",1,TRUE,FALSE,NA,NA
"RT @MughalMustafvi: Our education system is not able to give the best results due to the worst administration. We should make the best poli‚Ä¶",FALSE,0,NA,2021-09-16 14:17:08,FALSE,NA,"1438507247504527362",NA,"<a href=""http://twitter.com/download/android"" rel=""nofollow"">Twitter for Android</a>","Mr_Crab_1234567",10,TRUE,FALSE,NA,NA
"What's in it 4 her?
Australia - the calibre of this women &amp; effect of her actions WILL resonate unfortunately for y‚Ä¶ https://t.co/fuuModtHi6",FALSE,2,NA,2021-09-16 14:05:19,TRUE,NA,"1438504274464415762",NA,"<a href=""http://twitter.com/#!/download/ipad"" rel=""nofollow"">Twitter for iPad</a>","KazRockchick",1,FALSE,FALSE,NA,NA
"@lukelivingood Yea, this is killing our country.  Pols are supposed to ensure Americans have an opportunity at a be‚Ä¶ https://t.co/BvqgdCuQ4r",FALSE,4,"lukelivingood",2021-09-16 13:47:23,TRUE,"1438488543878389764","1438499761552871428","2348732234","<a href=""http://twitter.com/download/android"" rel=""nofollow"">Twitter for Android</a>","sioux4evrr",1,FALSE,FALSE,NA,NA
"Recycling is one of the best ways for our society to manage our waste and to contribute a positive impact to our en‚Ä¶ https://t.co/yIhWyJyaIU",FALSE,3,NA,2021-09-16 13:03:35,TRUE,NA,"1438488739571847171",NA,"<a href=""https://mobile.twitter.com"" rel=""nofollow"">Twitter Web App</a>","PhilGuitton",0,FALSE,FALSE,NA,NA
"@mwalimumkangi @WilliamsRuto This is a man who has and will never change.....he committed so many alleged atrocitie‚Ä¶ https://t.co/zdNnDrB4pT",FALSE,1,"mwalimumkangi",2021-09-16 11:02:05,TRUE,"1438453750520287232","1438458160373714945","2443787628","<a href=""http://twitter.com/download/android"" rel=""nofollow"">Twitter for Android</a>","MoYusuf70659879",0,FALSE,FALSE,NA,NA
"IIHMHOTELSCHOOL: The Multi-cultural Environment at IIHM facilitates learning and motivation.

Join one of the best‚Ä¶ https://t.co/i1fDoqY7RX",FALSE,0,NA,2021-09-16 08:25:36,TRUE,NA,"1438418781051752449",NA,"<a href=""https://ifttt.com"" rel=""nofollow"">IFTTT</a>","IIHMBangalore",0,FALSE,FALSE,NA,NA
"RT @AMKanta_IIHMHyd: The Multi-cultural Environment at IIHM facilitates learning and motivation.

Join one of the best Hotel Management Sch‚Ä¶",FALSE,0,NA,2021-09-16 08:05:29,FALSE,NA,"1438413717985710080",NA,"<a href=""https://hospitalitytrader.com/"" rel=""nofollow"">HospitalityTrader Bot</a>","BizNewsJobs",1,TRUE,FALSE,NA,NA
"The Multi-cultural Environment at IIHM facilitates learning and motivation.

Join one of the best Hotel Management‚Ä¶ https://t.co/juAOXAS7fL",FALSE,0,NA,2021-09-16 08:02:14,TRUE,NA,"1438412899035328517",NA,"<a href=""https://ifttt.com"" rel=""nofollow"">IFTTT</a>","AMKanta_IIHMHyd",1,FALSE,FALSE,NA,NA
"#RT @IIHMHOTELSCHOOL: The Multi-cultural Environment at IIHM facilitates learning and motivation.

Join one of the‚Ä¶ https://t.co/AoyXzLkuYh",FALSE,0,NA,2021-09-16 07:49:38,TRUE,NA,"1438409730431590402",NA,"<a href=""https://ifttt.com"" rel=""nofollow"">IFTTT</a>","iihmpavankalyan",0,FALSE,FALSE,NA,NA
"The Multi-cultural Environment at IIHM facilitates learning and motivation.

Join one of the best Hotel Management‚Ä¶ https://t.co/SfzY7OJl37",FALSE,1,NA,2021-09-16 07:30:57,TRUE,NA,"1438405026792177669",NA,"<a href=""http://twitter.com/download/android"" rel=""nofollow"">Twitter for Android</a>","IIHMHOTELSCHOOL",0,FALSE,FALSE,NA,NA
"@KumarMayankJha2 @Shehzy84 @BeckyCNN @ImranKhanPTI @CNN üáµüá∞ doesn't want to host any more refugees. Same is true for‚Ä¶ https://t.co/KpSLwvZ38e",FALSE,3,"KumarMayankJha2",2021-09-16 02:12:49,TRUE,"1438256023131734016","1438324965900754945","1183674185240862720","<a href=""http://twitter.com/download/iphone"" rel=""nofollow"">Twitter for iPhone</a>","im_AbuAbdullah",0,FALSE,FALSE,NA,NA
"RT @LALISA_BR_TEAM: Lisa, a Thai member of the group BLACKPINK, will take the lead in improving the cultural and educational environment of‚Ä¶",FALSE,0,NA,2021-09-16 00:10:39,FALSE,NA,"1438294224508620800",NA,"<a href=""http://twitter.com/download/android"" rel=""nofollow"">Twitter for Android</a>","LS1_IS_THE_BEST",269,TRUE,FALSE,NA,NA
"Happy #MalaysiaDay üá≤üáæ So proud to be Malaysian. The best country to live in! The food, the people, the environment‚Ä¶ https://t.co/oIBAJDp3e9",FALSE,0,NA,2021-09-16 00:07:30,TRUE,NA,"1438293431063912456",NA,"<a href=""http://twitter.com/download/android"" rel=""nofollow"">Twitter for Android</a>","animaItwt",0,FALSE,FALSE,NA,NA
"@Yafadj @DeutscheWelle I tried so many times to explain them the impact of climatic change on our environment.  But‚Ä¶ https://t.co/6jadhXieIa",FALSE,1,"Yafadj",2021-09-15 23:01:54,TRUE,"1437870405243580419","1438276920152576000","230248232","<a href=""http://twitter.com/download/android"" rel=""nofollow"">Twitter for Android</a>","ahametelhrabe",0,FALSE,FALSE,NA,NA
".@AtlanticHealth's Morristown Medical Center was ranked as having the third-best environment for hospital nurses in‚Ä¶ https://t.co/aLVK36FrhT",FALSE,3,NA,2021-09-15 21:00:01,TRUE,NA,"1438246249233207296",NA,"<a href=""https://about.twitter.com/products/tweetdeck"" rel=""nofollow"">TweetDeck</a>","ROINJNews",0,FALSE,FALSE,NA,NA
